اسم البرنامج,مجال النشاط,الهدف,وصف مختصر,الفئة المستهدفة,الصفوف المستهدفة,المعلم المسؤول,عدد الحصص,تاريخ البداية,تاريخ النهاية,وقت التنفيذ,الحصة,ملاحظات
يوم المعلم العالمي,الأيام والمناسبات,,,طلاب الأول المتوسط,الأول المتوسط,سعد علي,2,24/4/1448هـ,,,السادسة,بيانات تجريبية
اليوم العالمي للطفل,الأيام والمناسبات,,,طلاب الثالث المتوسط,الثالث المتوسط,ماجد حسن,2,6/6/1448هـ,,,الخامسة,بيانات تجريبية
يوم اللغة العربية العالمي,الأيام والمناسبات,,,طلاب الأول المتوسط,الأول المتوسط,سعد علي,2,4/7/1448هـ,,,السادسة,بيانات تجريبية
وطني في قلبي,النشاط الكشفي,,,طلاب الثالث المتوسط,الثالث المتوسط,ماجد حسن,3,9/4/1448هـ,,,السابعة,بيانات تجريبية
صافرة واصطفاف,النشاط الكشفي,,,طلاب الأول المتوسط,الأول المتوسط,فهد ناصر,2,24/3/1448هـ,,,الرابعة,بيانات تجريبية
الأمن السيبراني,العلوم والتقنية,,,طلاب الثاني المتوسط,الثاني المتوسط,يوسف إبراهيم,4,7/5/1448هـ,,,الخامسة,بيانات تجريبية
الاستدامة وجودة الحياة,العلوم والتقنية,,,طلاب الثاني المتوسط,الثاني المتوسط,خالد عبدالله,4,16/4/1448هـ,,,السادسة,بيانات تجريبية
حوكمة البيانات,العلوم والتقنية,,,طلاب الثاني المتوسط,الثاني المتوسط,أحمد محمد,3,21/5/1448هـ,,,السابعة,بيانات تجريبية
الإسعافات الأولية,الرياضة والصحة,,,طلاب الثالث المتوسط,الثالث المتوسط,فهد ناصر,4,14/5/1448هـ,,,الثالثة,بيانات تجريبية
الخط العربي,الثقافة والفنون,,,طلاب الأول المتوسط,الأول المتوسط,عبدالرحمن سالم,4,28/5/1448هـ,,,الرابعة,بيانات تجريبية
الكتابة الإبداعية والأدبية,الثقافة والفنون,,,طلاب الأول المتوسط,الأول المتوسط,سعد علي,5,19/6/1448هـ,,,الخامسة,بيانات تجريبية
التطوع الطلابي,المواطنة والحياة,,,طلاب الثالث المتوسط,الثالث المتوسط,تركي سعيد,4,2/4/1448هـ,,,السابعة,بيانات تجريبية
إرث وطموح,المواطنة والحياة,,,طلاب الأول المتوسط,الأول المتوسط,تركي سعيد,4,12/6/1448هـ,,,السادسة,بيانات تجريبية
ريادة الأعمال,المواطنة والحياة,,,طلاب الثاني المتوسط,الثاني المتوسط,أحمد محمد,4,5/6/1448هـ,,,السابعة,بيانات تجريبية
البحث العلمي,العلوم والتقنية,,,طلاب الثالث المتوسط,الثالث المتوسط,خالد عبدالله,4,26/6/1448هـ,,,الرابعة,بيانات تجريبية
